<?xml version="1.1" encoding="UTF-8" standalone="yes"?>
<addon id="plugin.video.redalert"
       name="Red Alert"
       version="1.0.2"
       provider-name="sClarke">
  <requires>
    <import addon="xbmc.python" version="2.1.0"/>
	<import addon="script.module.requests" />
  </requires>
  <extension point="xbmc.python.pluginsource"
            library="default.py">
        <provides>video</provides>
  </extension>
  <extension point="xbmc.addon.metadata">
    <summary lang="en">Red Alert</summary>
    <language>en</language>
    <description lang="en">Red Alert offering only the best in IPTV</description>
	<disclaimer>The author does not host or distribute any of the content displayed by this addon. The author does not have any affiliation with the content providers.</disclaimer>
    <platform>all</platform>
  </extension>
</addon>
