<?xml version="1.0" encoding="UTF-8" standalone="yes"?>
    <addon id="plugin.video.redalert" version="1.0.1" name="Red Alert" provider-name="Red Alert">
    <requires>
        <import addon="xbmc.python" version="2.1.0"/>        
    </requires>
    <extension point="xbmc.python.pluginsource" library="default.py">
        <provides>video</provides>
    </extension>
    <extension point="xbmc.addon.metadata">
        <summary>Red Alert</summary>
        <description>Red Alert offering only the best in IPTV</description>
        <disclaimer>The author does not host or distribute any of the content displayed by this addon. The author does not have any affiliation with the content providers.</disclaimer>
        <language>en</language>
        <platform>all</platform>
    </extension>
</addon>